{
  "type": "service_account",
  "project_id": "klip-6e9a8",
  "private_key_id": "5468676fe956982af47178c89865ab429c359ece",
  "private_key": "-----BEGIN PRIVATE KEY-----\\nMIIEuQIBADANBgkqhkiG9w0BAQEFAASCBKMwggSfAgEAAoIBAQC7cxp9N/r1VSdX\\nuWnKLq5QwVBPSLX54pd3tjiu9Jqimm57/CTGcAcLsfJG77TEy0Ggj7gQ1JOTF+9x\\n5YcGD3F7wYjI25uQ5iBY3XsydLbY2oNr3KJgW7wHxYPWWPBFJcFTfNgVDyxADMDG\\nXWR6A1idMS97nTEV0qrflH0SYUShOiGOZ+lWRMzYJQaOei4E7PWEy2c8b97jnD0m\\nIint9FO3ltH/1U4/mLYlx2B0u6eJ/MmvJ/RmgLUtT6tVQ2WZMjGlJ5HXaKvd0OG5\\nW55umbDf+rFYq104OdbfyzvMZ5O2u3NN/QrzbJAtjBLvmPVSLMmOoNy+u1AxYFSQ\\nghHuKttHAgMBAAECgf8/8lnBs1c/BSMRdNn3dKAC7Jp5HFT4P6oXLL1+8fMkMDWA\\nwS51Lm045XvBYgTzyGNFuGxn/B0Gu85JDK8DYkFUoVwIfuKTNpknt7xPeiw7zk+x\\n0ZLoobguQ94LQaFgoCtTpUNnQRssvoJaftcdc1wc7qqZgQaTFfXfpXMFfNPs1qfP\\nIdQnIzUILpT2dcacwQi/XQhy+VYbNFPsjdGqk1pLha1x+HJquGDZjl5lQjTFM8+f\\ny/1VrBT+vPmaD53tVI+2xjbjin89vZQSlEoEO3taG195R17aVc3T+SfKMdtIO8dU\\nIdXaYqAN4OjLXsHy48fsogL9juQukdMiVzK2RIECgYEA3LCnZv8oSuz8545XwPPs\\nCgjn6y8+Zw0Xw09uqGbVxbVzAZDAQ3VhltoTU1eJweXboOuXFxTl8nihfq5xsst6\\n+Y2lek0DboLrKITcVTbiQo0pE5I3+4IfFbvGkvbbAKMxzcJ7UrhpBInlGzhf3RK0\\ngxwvBMdXyTnPTrFmTaGngqcCgYEA2XDweLX9KXuamLa6pIyE4yyOJKmCOBdgByQ9\\nDZWYougf/H+/X6OeUWk1XWC64aXdAypVapzbAT0GM3jKN7lZ8KI/2/KvWGAQRIA/\\nsP94aa3q2aFdXWrA49aAzLRHQoiGiYPzjzxSQ//6ILxELclMHu5M5r/6WNQETRdL\\npdrIFmECf2TcV6W6969GoE8zvudwk3ACofvam6p9UV7x7qEIXqr9QpJ0lWo/O1q2\\nUB7G4y663qWtBmCGLJGkkCpVj6EnXgyvr/E1QVxAeTkLf6dybfX8jclkCjHoRkyo\\nhRiluXGRJDHlsHcd0OFCJHNMUIO5CMbjGpoUgQp2YUiVyyuvtd8CgYEAhTAfq+DV\\njCZRAL/UvVvxPfGZs608vTzcLiOtXffHAeorRY++WkevfvBxppvMfNEK+phgr6ga\\nobyOYtLXEqDvDW1krkYNz5UwAbWIzdL+H8VO+DVWKhVsx2IpjLnUeFWGCw+PDaqG\\nPW66+Hg5Ts5hWQTgh+sJ3oUniUz+oj3Ll6ECgYBUNYGMO0sOL/wYNfBFt4/Ioyar\\nhuh1QklzjHW5fxT4/31JTolGjKOtx4gq7QMw8U9ryUqfg33dgWQoXxWnge2EpDJf\\nRuuAa8GwHfhF6L/CT/HahyXAE72xjeV7/TRNzfV0ZNugidCZzes3DhwB3yX/Xpxd\\n+BhCNFIOqJxgzaGm5g==\\n-----END PRIVATE KEY-----\\n",
  "client_email": "firebase-adminsdk-fbsvc@klip-6e9a8.iam.gserviceaccount.com",
  "client_id": "116678412744451032172",
  "auth_uri": "https://accounts.google.com/o/oauth2/auth",
  "token_uri": "https://oauth2.googleapis.com/token",
  "auth_provider_x509_cert_url": "https://www.googleapis.com/oauth2/v1/certs",
  "client_x509_cert_url": "https://www.googleapis.com/robot/v1/metadata/x509/firebase-adminsdk-fbsvc%40klip-6e9a8.iam.gserviceaccount.com"
}
